板块,公司全称,注册地址,A股代码,A股简称,A股上市日期,A股总股本,A股流通股本,地      区,省    份,城     市,所属行业
主板,平安银行股份有限公司,广东省深圳市罗湖区深南东路5047号,1,平安银行,1991/4/3,"19,405,918,198","19,405,752,081",华南,广东,深圳市,J 金融业
主板,万科企业股份有限公司,广东省深圳市盐田区大梅沙环梅路33号万科中心,2,万  科Ａ,1991/1/29,"9,724,196,533","9,714,314,935",华南,广东,深圳市,K 房地产
主板,深圳国华网安科技股份有限公司,广东省深圳市福田区梅林街道梅都社区中康路126号卓越梅林中心广场（南区）卓悦汇B2206A,4,国华网安,1990/12/1,"165,052,625","83,920,684",华南,广东,深圳市,I 信息技术
主板,深圳世纪星源股份有限公司,广东省深圳市罗湖区深南东路2017号华乐大厦3楼,5,世纪星源,1990/12/10,"1,058,536,842","1,057,946,242",华南,广东,深圳市,N 公共环保
主板,深圳市振业(集团)股份有限公司,广东省深圳市罗湖区宝安南路2014号振业大厦A座31层,6,深振业Ａ,1992/4/27,"1,349,995,046","1,349,995,046",华南,广东,深圳市,K 房地产
主板,深圳市全新好股份有限公司,广东省深圳市福田区梅林街道梅康路8号理想时代大厦6楼,7,全新好,1992/4/13,"346,448,044","308,948,044",华南,广东,深圳市,K 房地产
主板,神州高铁技术股份有限公司,北京市海淀区高梁桥斜街59号院1号楼16层1606,8,神州高铁,1992/5/7,"2,780,795,346","2,665,216,688",华北,北京,北京市,C 制造业
主板,中国宝安集团股份有限公司,广东省深圳市笋岗东路1002号宝安广场A座28-29层,9,中国宝安,1991/6/25,"2,579,213,965","2,551,430,324",华南,广东,深圳市,S 综合
主板,深圳美丽生态股份有限公司,广东省深圳市宝安区新安街道海旺社区宝兴路6号海纳百川总部大厦B座17层1701-1703室,10,美丽生态,1995/10/27,"819,854,713","522,171,498",华南,广东,深圳市,E 建筑业
主板,深圳市物业发展(集团)股份有限公司,广东省深圳市人民南路国贸大厦39、42层,11,深物业A,1992/3/30,"528,373,849","526,475,543",华南,广东,深圳市,K 房地产
主板,中国南玻集团股份有限公司,广东省深圳市蛇口工业六路一号南玻大厦,12,南  玻Ａ,1992/2/28,"1,961,323,047","1,957,999,069",华南,广东,深圳市,C 制造业
主板,沙河实业股份有限公司,广东省深圳市南山区白石路2222号沙河世纪楼,14,沙河股份,1992/6/2,"201,705,187","201,705,187",华南,广东,深圳市,K 房地产
主板,康佳集团股份有限公司,广东省深圳市南山区粤海街道科技园科技南十二路28号康佳研发大厦15-24层,16,深康佳Ａ,1992/3/27,"1,596,593,800","1,596,574,300",华南,广东,深圳市,C 制造业
主板,深圳中华自行车(集团)股份有限公司,广东省深圳市布心路3008号,17,*ST中华A,1992/3/31,"302,984,965","302,981,008",华南,广东,深圳市,C 制造业
主板,深圳市深粮控股股份有限公司,广东省深圳市南山区粤海街道学府路科技园南区软件产业基地4栋B座8层,19,深粮控股,1992/10/12,"1,100,785,974","416,184,832",华南,广东,深圳市,F 批发零售
主板,深圳中恒华发股份有限公司,广东省深圳市福田区华发北路411幢,20,深华发Ａ,1992/4/28,"181,165,391","181,165,391",华南,广东,深圳市,C 制造业
主板,深圳长城开发科技股份有限公司,广东省深圳市福田区彩田路7006号,21,深科技,1994/2/2,"1,471,259,363","1,470,677,676",华南,广东,深圳市,C 制造业
主板,深圳市天地(集团)股份有限公司,广东省深圳市高新技术产业园北区朗山路东物商业大楼10楼,23,深天地Ａ,1993/4/29,"138,756,240","138,748,665",华南,广东,深圳市,C 制造业
主板,深圳市特力(集团)股份有限公司,广东省深圳市深南中路中核大厦,25,特  力Ａ,1993/6/21,"392,778,320","392,778,320",华南,广东,深圳市,F 批发零售
主板,飞亚达精密科技股份有限公司,广东省深圳市南山区高新南一道飞亚达科技大厦,26,飞亚达,1993/6/3,"361,173,881","356,716,368",华南,广东,深圳市,F 批发零售
主板,深圳能源集团股份有限公司,广东省深圳市福田区金田路2026号能源大厦北塔楼9，29-31，34-41层,27,深圳能源,1993/9/3,"4,757,389,916","4,757,389,916",华南,广东,深圳市,D 水电煤气
主板,国药集团一致药业股份有限公司,广东省深圳市福田区八卦四路15号一致药业大楼,28,国药一致,1993/8/9,"373,241,383","367,733,625",华南,广东,深圳市,F 批发零售
主板,深圳经济特区房地产(集团)股份有限公司,广东省深圳市罗湖区人民南路深房广场45-48楼,29,深深房Ａ,1993/9/15,"891,660,000","891,651,000",华南,广东,深圳市,K 房地产
主板,富奥汽车零部件股份有限公司,吉林省长春市汽车经济技术开发区东风南街777号,30,富奥股份,1993/9/29,"1,762,733,196","1,759,880,870",东北,吉林,长春市,C 制造业
主板,大悦城控股集团股份有限公司,广东省深圳市宝安区新安街道3区龙井二路3号中粮地产集团中心第1层101室,31,大悦城,1993/10/8,"4,286,313,339","1,813,722,958",华南,广东,深圳市,K 房地产
主板,深圳市桑达实业股份有限公司,广东省深圳市南山区科技园科技路1号桑达科技大厦15-17楼,32,深桑达Ａ,1993/10/28,"413,219,661","411,424,109",华南,广东,深圳市,F 批发零售
主板,神州数码集团股份有限公司,广东省深圳市南山区粤海街道科发路8号金融基地1栋11楼E1,34,神州数码,1994/5/9,"659,539,627","497,403,624",华南,广东,深圳市,F 批发零售
主板,中国天楹股份有限公司,江苏省海安市黄海大道(西)268号2幢,35,中国天楹,1994/4/8,"2,523,777,297","2,453,345,376",华东,江苏,南通市,N 公共环保
主板,华联控股股份有限公司,广东省深圳市深南中路2008号华联大厦11层(1103-1109室),36,华联控股,1994/6/17,"1,483,934,025","1,479,474,430",华南,广东,深圳市,K 房地产
主板,深圳南山热电股份有限公司,广东省深圳市南山区月亮湾大道2097号,37,深南电A,1994/7/1,"338,908,150","338,894,011",华南,广东,深圳市,D 水电煤气
主板,深圳大通实业股份有限公司,广东省深圳市南山区科苑中路15号科兴科学园B2栋302室,38,深大通,1994/8/8,"522,777,419","238,177,966",华南,广东,深圳市,L 商务服务
主板,中国国际海运集装箱(集团)股份有限公司,广东省深圳市南山蛇口工业区港湾大道2号中集研发中心8楼,39,中集集团,1994/4/8,"1,535,121,660","1,534,271,428",华南,广东,深圳市,C 制造业
主板,东旭蓝天新能源股份有限公司,广东省深圳市罗湖区东门中路1011号鸿基大厦25-27楼,40,东旭蓝天,1994/8/8,"1,486,873,870","1,060,340,670",华南,广东,深圳市,D 水电煤气
主板,深圳市中洲投资控股股份有限公司,广东省深圳市福田区金田路3088号中洲大厦38楼,42,中洲控股,1994/9/21,"664,831,139","662,103,039",华南,广东,深圳市,K 房地产
主板,深圳市纺织(集团)股份有限公司,广东省深圳市福田区华强北路3号深纺大厦6楼,45,深纺织Ａ,1994/8/15,"458,272,279","457,017,874",华南,广东,深圳市,C 制造业
主板,泛海控股股份有限公司,北京市东城区建国门内大街28号民生金融中心C座22层,46,泛海控股,1994/9/12,"5,196,200,656","5,193,833,956",华北,北京,北京市,J 金融业
主板,深圳市京基智农时代股份有限公司,广东省深圳市罗湖区深南东路5016号京基一百大厦A座71层7101,48,京基智农,1994/11/1,"402,491,731","402,407,651",华南,广东,深圳市,C 制造业
主板,深圳市德赛电池科技股份有限公司,广东省深圳市南山区高新科技园南区高新南一道德赛科技大厦26楼,49,德赛电池,1995/3/20,"207,197,738","205,243,738",华南,广东,深圳市,C 制造业
主板,天马微电子股份有限公司,广东省深圳市龙华区民治街道北站社区留仙大道天马大厦1918,50,深天马Ａ,1995/3/15,"2,457,747,661","1,828,920,459",华南,广东,深圳市,C 制造业
主板,方大集团股份有限公司,广东省深圳市南山区高新技术产业园南区科技南十二路方大科技大厦,55,方大集团,1996/4/15,"679,715,472","677,413,379",华南,广东,深圳市,C 制造业
主板,深圳市皇庭国际企业股份有限公司,广东省深圳市福田区福田街道岗厦社区福华路350号岗厦皇庭大厦28A01单元,56,皇庭国际,1996/7/8,"931,293,708","903,728,783",华南,广东,深圳市,L 商务服务
主板,深圳赛格股份有限公司,广东省深圳市福田区华强北路群星广场A座三十一楼,58,深 赛 格,1996/12/26,"989,194,931","538,282,117",华南,广东,深圳市,L 商务服务
主板,北方华锦化学工业股份有限公司,辽宁省盘锦市双台子区红旗大街,59,华锦股份,1997/1/30,"1,599,442,537","1,599,409,531",东北,辽宁,盘锦市,C 制造业
主板,深圳市中金岭南有色金属股份有限公司,广东省深圳市罗湖区清水河街道清水河一路深业进元大厦塔楼2座303C房,60,中金岭南,1997/1/23,"3,569,685,327","3,568,385,943",华南,广东,深圳市,C 制造业
主板,深圳市农产品集团股份有限公司,广东省深圳市罗湖区布吉路1019号农产品批发市场第一层,61,农 产 品,1997/1/10,"1,696,964,131","1,696,600,695",华南,广东,深圳市,L 商务服务
主板,深圳华强实业股份有限公司,广东省深圳市福田区华强北路华强广场A座5楼,62,深圳华强,1997/1/30,"1,045,909,322","1,044,553,288",华南,广东,深圳市,F 批发零售
主板,中兴通讯股份有限公司,广东省深圳市南山区高新技术产业园科技南路中兴通讯大厦,63,中兴通讯,1997/11/18,"3,857,932,364","3,476,253,800",华南,广东,深圳市,C 制造业
主板,北方国际合作股份有限公司,北京市丰台区南四环西路188号总部基地12区47号楼3层(301、302),65,北方国际,1998/6/5,"769,516,228","673,092,642",华北,北京,北京市,E 建筑业
主板,中国长城科技集团股份有限公司,广东省深圳南山区科技工业园长城计算机大厦,66,中国长城,1997/6/26,"2,928,182,053","2,927,833,543",华南,广东,深圳市,C 制造业
主板,深圳华控赛格股份有限公司,广东省深圳市大工业区兰竹大道以北CH3主厂房,68,华控赛格,1997/6/11,"1,006,671,464","1,006,668,464",华南,广东,深圳市,M 科研服务
主板,深圳华侨城股份有限公司,广东省深圳市南山区华侨城,69,华侨城Ａ,1997/9/10,"8,201,793,915","7,056,298,141",华南,广东,深圳市,K 房地产
主板,深圳市特发信息股份有限公司,广东省深圳市南山区高新区中区科丰路2号特发信息港大厦B栋18楼,70,特发信息,2000/5/11,"816,578,166","795,243,815",华南,广东,深圳市,C 制造业
主板,深圳市海王生物工程股份有限公司,广东省深圳市南山区科技园科技中三路1号海王银河科技大厦24楼,78,海王生物,1998/12/18,"2,750,833,257","2,621,199,543",华南,广东,深圳市,F 批发零售
主板,深圳市盐田港股份有限公司,广东省深圳市盐田区盐田港海港大厦18-19层,88,盐 田 港,1997/7/28,"2,249,161,747","2,249,161,747",华南,广东,深圳市,G 运输仓储
主板,深圳市机场股份有限公司,广东省深圳市宝安区宝安机场T3商务区配套写字楼A栋,89,深圳机场,1998/4/20,"2,050,769,509","2,050,769,509",华南,广东,深圳市,G 运输仓储
主板,深圳市天健(集团)股份有限公司,广东省深圳市福田区红荔西路莲花街道7019号天健商务大厦19楼,90,天健集团,1999/7/21,"1,868,545,434","1,868,287,589",华南,广东,深圳市,E 建筑业
主板,深圳市广聚能源股份有限公司,广东省深圳市南山区海德三道天利中央商务广场22楼,96,广聚能源,2000/7/24,"528,000,000","510,848,000",华南,广东,深圳市,F 批发零售
主板,中信海洋直升机股份有限公司,广东省深圳市罗湖区解放西路188号,99,中信海直,2000/7/31,"606,070,420","606,070,420",华南,广东,深圳市,G 运输仓储
主板,TCL科技集团股份有限公司,广东省惠州市仲恺高新区惠风三路17号TCL科技大厦,100,TCL科技,2004/1/30,"14,030,788,362","12,656,210,284",华南,广东,惠州市,C 制造业
主板,宜华健康医疗股份有限公司,广东省汕头市澄海区文冠路北侧,150,宜华健康,2000/8/7,"877,697,557","805,990,242",华南,广东,汕头市,Q 卫生
主板,中成进出口股份有限公司,北京市丰台区南四环西路188号二区8号楼,151,中成股份,2000/9/6,"295,980,000","266,543,967",华北,北京,北京市,F 批发零售
主板,安徽丰原药业股份有限公司,安徽省无为县北门外大街108号,153,丰原药业,2000/9/20,"312,141,230","311,977,230",华东,安徽,芜湖市,C 制造业
主板,四川省新能源动力股份有限公司,四川省成都市青白江区大弯镇团结路311号,155,川能动力,2000/9/26,"1,270,000,000","1,270,000,000",西南,四川,成都市,D 水电煤气
主板,华数传媒控股股份有限公司,浙江省杭州市滨江区江南大道3850号创新大厦15楼1505室,156,华数传媒,2000/9/6,"1,433,351,902","1,280,295,337",华东,浙江,杭州市,R 文化传播
主板,中联重科股份有限公司,湖南省长沙市银盆南路361号,157,中联重科,2000/10/12,"6,544,676,264","6,470,810,823",华中,湖南,长沙市,C 制造业
主板,石家庄常山北明科技股份有限公司,河北省石家庄市和平东路183号,158,常山北明,2000/7/24,"1,598,616,721","1,573,483,915",华北,河北,石家庄市,I 信息技术
主板,新疆国际实业股份有限公司,新疆维吾尔自治区乌鲁木齐市高新区北京南路358号大成国际9楼,159,国际实业,2000/9/26,"480,685,993","480,651,118",西北,新疆,乌鲁木齐市,F 批发零售
主板,申万宏源集团股份有限公司,新疆乌鲁木齐市高新区北京南路358号大成国际大厦20楼2001室,166,申万宏源,2015/1/26,"22,535,944,560","22,535,507,316",西北,新疆,乌鲁木齐市,J 金融业
主板,江苏东方盛虹股份有限公司,江苏省苏州市吴江区盛泽镇市场东路73号,301,东方盛虹,2000/5/29,"4,834,863,866","1,260,827,682",华东,江苏,苏州市,C 制造业
主板,美的集团股份有限公司,广东省佛山市顺德区北滘镇美的大道6号美的总部大楼B区26-28楼,333,美的集团,2013/9/18,"7,029,556,437","6,846,708,806",华南,广东,佛山市,C 制造业
主板,潍柴动力股份有限公司,山东省潍坊市高新技术产业开发区福寿东街197号甲,338,潍柴动力,2007/4/30,"5,990,833,895","4,244,315,825",华东,山东,潍坊市,C 制造业
主板,许继电气股份有限公司,河南省许昌市许继大道1298号,400,许继电气,1997/4/18,"1,008,327,309","1,008,270,140",华中,河南,许昌市,C 制造业
主板,唐山冀东水泥股份有限公司,河北省唐山市丰润区林荫路,401,冀东水泥,1996/6/14,"1,347,522,914","1,347,207,180",华北,河北,唐山市,C 制造业
主板,金融街控股股份有限公司,北京市西城区金城坊街7号,402,金 融 街,1996/6/26,"2,988,929,907","2,987,636,046",华北,北京,北京市,K 房地产
主板,南方双林生物制药股份有限公司,山西省太原市晋源区长兴南街8号阳光城环球金融中心3004室,403,双林生物,1996/6/28,"492,434,666","487,162,900",华北,山西,太原市,C 制造业
主板,长虹华意压缩机股份有限公司,江西省景德镇市高新区长虹大道1号,404,长虹华意,1996/6/19,"695,995,979","694,652,798",华东,江西,景德镇市,C 制造业
主板,山东胜利股份有限公司,山东省济南市高新区港兴三路北段济南药谷1号楼B座32层,407,胜利股份,1996/7/3,"880,084,656","875,743,830",华东,山东,济南市,D 水电煤气
主板,藏格控股股份有限公司,青海省格尔木市昆仑南路15-02号,408,*ST藏格,1996/6/28,"1,993,779,522","473,486,160",西北,青海,格尔木市,C 制造业
主板,山东地矿股份有限公司,山东省济南市工业南路57-1号高新万达J3写字楼19层1910室,409,ST地矿,1996/6/27,"510,931,158","405,631,244",华东,山东,济南市,S 综合
主板,沈阳机床股份有限公司,辽宁省沈阳经济技术开发区开发大路17甲1号,410,*ST沈机,1996/7/18,"1,684,035,944","1,680,914,444",东北,辽宁,沈阳市,C 制造业
主板,浙江英特集团股份有限公司,浙江省杭州市下城区东新路江南巷2号3幢,411,英特集团,1996/7/16,"248,939,935","207,324,696",华东,浙江,杭州市,F 批发零售
主板,东旭光电科技股份有限公司,河北省石家庄市高新技术产业开发区黄河大道9号,413,东旭光电,1996/9/25,"5,480,250,117","4,864,154,314",华北,河北,石家庄市,C 制造业
主板,渤海租赁股份有限公司,新疆维吾尔自治区乌鲁木齐市沙依巴克区黄河路93号,415,渤海租赁,1996/7/16,"6,184,521,282","3,547,396,604",西北,新疆,乌鲁木齐市,L 商务服务
主板,民生控股股份有限公司,山东省青岛市崂山区株州路151号,416,民生控股,1996/7/19,"531,871,494","531,641,098",华东,山东,青岛市,J 金融业
主板,合肥百货大楼集团股份有限公司,安徽省合肥市长江中路150号,417,合肥百货,1996/8/12,"779,884,200","779,027,451",华东,安徽,合肥市,F 批发零售
主板,长沙通程控股股份有限公司,湖南省长沙市雨花区劳动西路589号,419,通程控股,1996/8/16,"543,582,655","543,299,845",华中,湖南,长沙市,F 批发零售
主板,吉林化纤股份有限公司,吉林省吉林市经开区昆仑街216号,420,吉林化纤,1996/8/2,"1,970,706,656","1,969,669,550",东北,吉林,吉林市,C 制造业
主板,南京公用发展股份有限公司,江苏省南京市建邺区白龙江东街8号（新城科技园科技创新综合体A4号楼）,421,南京公用,1996/8/6,"572,646,934","572,646,184",华东,江苏,南京市,D 水电煤气
主板,湖北宜化化工股份有限公司,湖北省宜昌市猇亭大道399号,422,ST宜化,1996/8/15,"897,866,712","897,812,984",华中,湖北,宜昌市,C 制造业
主板,东阿阿胶股份有限公司,山东省东阿县阿胶街78号,423,东阿阿胶,1996/7/29,"654,021,537","653,866,788",华东,山东,聊城市,C 制造业
主板,徐工集团工程机械股份有限公司,江苏省徐州市经济技术开发区驮蓝山路26号,425,徐工机械,1996/8/28,"7,833,668,430","6,995,037,403",华东,江苏,徐州市,C 制造业
主板,内蒙古兴业矿业股份有限公司,内蒙古自治区赤峰市新城区八家组团玉龙大街路北、天义路西兴业集团办公楼,426,兴业矿业,1996/8/28,"1,837,192,219","1,475,274,205",华北,内蒙古,赤峰市,B 采矿业
主板,华天酒店集团股份有限公司,湖南省长沙市芙蓉区解放东路300号,428,华天酒店,1996/8/8,"1,018,926,000","1,018,846,950",华中,湖南,长沙市,H 住宿餐饮
主板,广东省高速公路发展股份有限公司,广东省广州市白云路85号,429,粤高速Ａ,1998/2/20,"1,742,056,126","1,302,902,734",华南,广东,广州市,G 运输仓储
主板,张家界旅游集团股份有限公司,湖南省张家界市南庄坪1号花园,430,张家界,1996/8/29,"404,817,686","331,738,800",华中,湖南,张家界市,N 公共环保
主板,山东晨鸣纸业集团股份有限公司,山东省寿光市圣城街595号,488,晨鸣纸业,2000/11/20,"1,749,517,684","1,659,241,360",华东,山东,潍坊市,C 制造业
主板,山东高速路桥集团股份有限公司,山东省济南市历下区经十路14677号,498,山东路桥,1997/6/9,"1,556,959,203","1,120,137,113",华东,山东,济南市,E 建筑业
主板,武汉武商集团股份有限公司,湖北省武汉市江汉区解放大道690号,501,鄂武商Ａ,1992/11/20,"768,992,731","767,792,464",华中,湖北,武汉市,F 批发零售
主板,绿景控股股份有限公司,广东省广州市海珠区同福西路131-133号首层01房,502,绿景控股,1992/11/23,"184,819,607","183,347,957",华南,广东,广州市,K 房地产
主板,国新健康保障服务集团股份有限公司,海南省海口市文华路18号君华海逸酒店703室,503,国新健康,1992/11/30,"898,822,204","898,822,204",华南,海南,海口市,I 信息技术
主板,南华生物医药股份有限公司,湖南省长沙市天心区城南西路3号财信大厦13楼,504,ST生物,1992/12/8,"311,573,901","310,673,201",华中,湖南,长沙市,M 科研服务
主板,海南京粮控股股份有限公司,海南省海口市滨海大道珠江广场帝豪大厦29层,505,京粮控股,1992/12/21,"661,975,251","454,638,266",华南,海南,海口市,C 制造业
主板,中润资源投资股份有限公司,山东省济南市经十路13777号中润世纪广场17栋,506,中润资源,1993/3/12,"929,017,761","928,619,211",华东,山东,济南市,B 采矿业
主板,珠海港股份有限公司,广东省珠海市南水镇榕湾路16号2001-2号办公,507,珠海港,1993/3/26,"930,424,895","841,203,550",华南,广东,珠海市,G 运输仓储
主板,华塑控股股份有限公司,四川省南充市涪江路117号,509,*ST华塑,1993/5/7,"825,483,117","825,479,873",西南,四川,南充市,C 制造业
主板,四川新金路集团股份有限公司,四川省德阳市泰山南路二段733号银鑫·五洲广场一期21栋22-23层,510,新金路,1993/5/7,"609,182,254","549,479,157",西南,四川,德阳市,C 制造业
主板,丽珠医药集团股份有限公司,广东省珠海市金湾区创业北路38号总部大楼,513,丽珠集团,1993/10/28,"624,950,354","604,999,918",华南,广东,珠海市,C 制造业
主板,重庆渝开发股份有限公司,重庆市渝中区中山三路128号投资大厦25层,514,渝 开 发,1993/7/12,"843,770,965","843,770,965",西南,重庆,重庆市,K 房地产
主板,西安国际医学投资股份有限公司,陕西省西安市高新区团结南路16号保障楼5层,516,国际医学,1993/8/9,"1,971,049,302","1,928,934,684",西北,陕西,西安市,Q 卫生
主板,荣安地产股份有限公司,浙江省宁波市海曙区灵桥路513号(14-12),517,荣安地产,1993/8/6,"3,183,922,485","2,473,357,316",华东,浙江,宁波市,K 房地产
主板,江苏四环生物股份有限公司,江苏省江阴市滨江开发区定山路十号,518,四环生物,1993/9/8,"1,029,556,222","1,029,554,722",华东,江苏,无锡市,C 制造业
主板,中兵红箭股份有限公司,湖南省湘潭国家高新技术产业开发区德国工业园莱茵路1号,519,中兵红箭,1993/10/8,"1,392,558,982","1,391,492,468",华中,湖南,湘潭市,C 制造业
主板,长航凤凰股份有限公司,湖北省武汉市民权路39号汇江大厦,520,长航凤凰,1993/10/25,"1,012,083,455","1,012,069,105",华中,湖北,武汉市,G 运输仓储
主板,长虹美菱股份有限公司,安徽省合肥市经济技术开发区莲花路2163号,521,长虹美菱,1993/10/18,"881,733,881","872,528,625",华东,安徽,合肥市,C 制造业
主板,广州市浪奇实业股份有限公司,广东省广州市天河区临江大道393号501室,523,广州浪奇,1993/11/8,"627,533,125","626,891,476",华南,广东,广州市,C 制造业
主板,广州岭南集团控股股份有限公司,广东省广州市流花路120号,524,岭南控股,1993/11/18,"670,208,597","670,139,867",华南,广东,广州市,H 住宿餐饮
主板,南京红太阳股份有限公司,江苏省南京市高淳区桠溪镇东风路8号,525,红 太 阳,1993/10/28,"580,772,873","574,514,828",华东,江苏,南京市,C 制造业
主板,厦门紫光学大股份有限公司,福建省厦门市湖里区寨上长乐路1号,526,紫光学大,1993/11/1,"96,195,107","96,195,107",华东,福建,厦门市,P 教育
主板,广西柳工机械股份有限公司,广西壮族自治区柳州市柳太路1号,528,柳    工,1993/11/18,"1,475,921,376","1,462,662,579",华南,广西,柳州市,C 制造业
主板,广东广弘控股股份有限公司,广东省广州市天河区广州大道北520号,529,广弘控股,1993/11/18,"583,790,330","569,884,377",华南,广东,广州市,C 制造业
主板,冰山冷热科技股份有限公司,辽宁省大连市经济技术开发区辽河东路106号,530,冰山冷热,1993/12/8,"601,712,507","598,653,628",东北,辽宁,大连市,C 制造业
主板,广州恒运企业集团股份有限公司,广东省广州市萝岗区西基工业区西基路,531,穗恒运Ａ,1994/1/6,"685,082,820","685,082,820",华南,广东,广州市,D 水电煤气
主板,珠海华金资本股份有限公司,广东省珠海市香洲区国家高新区前湾二路2号总部基地一期B栋5楼,532,华金资本,1994/1/3,"344,708,340","343,549,746",华南,广东,珠海市,S 综合
主板,广东顺钠电气股份有限公司,广东省佛山市顺德区大良街道顺峰山工业区,533,顺钠股份,1994/1/3,"690,816,000","684,902,400",华南,广东,佛山市,C 制造业
主板,万泽实业股份有限公司,广东省汕头市珠池路23号光明大厦B幢8楼,534,万泽股份,1994/1/10,"491,785,096","491,507,596",华南,广东,汕头市,C 制造业
主板,华映科技（集团）股份有限公司,福建省福州市马尾区儒江西路6号,536,*ST华映,1993/11/26,"2,766,032,803","2,763,082,516",华东,福建,福州市,C 制造业
主板,天津广宇发展股份有限公司,天津市经济技术开发区新城西路52号6号楼202-4单元,537,广宇发展,1993/12/10,"1,862,520,720","1,731,406,933",华北,天津,天津市,K 房地产
主板,云南白药集团股份有限公司,云南省昆明市呈贡区云南白药街3686号,538,云南白药,1993/12/15,"1,277,403,317","602,166,957",西南,云南,昆明市,C 制造业
主板,广东电力发展股份有限公司,广东省广州市天河东路2号粤电广场南塔33-36楼,539,粤电力Ａ,1993/11/26,"4,451,875,986","2,553,905,861",华南,广东,广州市,D 水电煤气
主板,中天金融集团股份有限公司,贵州省贵阳市观山湖区中天路3号,540,中天金融,1994/2/2,"7,005,254,679","6,970,674,147",西南,贵州,贵阳市,K 房地产
主板,佛山电器照明股份有限公司,广东省佛山市禅城区汾江北路64号,541,佛山照明,1993/11/23,"1,077,274,404","1,073,038,507",华南,广东,佛山市,C 制造业
主板,安徽省皖能股份有限公司,安徽省合肥市马鞍山路76号,543,皖能电力,1993/12/20,"2,266,863,331","1,790,395,978",华东,安徽,合肥市,D 水电煤气
主板,中原环保股份有限公司,河南省郑州市中原区中原中路167号1号楼16层,544,中原环保,1993/12/8,"974,684,488","974,684,488",华中,河南,郑州市,D 水电煤气
主板,金浦钛业股份有限公司,吉林省吉林市吉林经济技术开发区吉孤公路480号,545,金浦钛业,1993/12/15,"986,833,096","959,403,096",东北,吉林,吉林市,C 制造业
主板,金圆环保股份有限公司,吉林省长春市净月开发区中信城枫丹白露一期3栋906室,546,金圆股份,1993/12/15,"714,644,396","688,468,928",东北,吉林,长春市,N 公共环保
主板,航天工业发展股份有限公司,福建省福州市台江区五一南路67号,547,航天发展,1993/11/30,"1,605,421,646","1,205,405,063",华东,福建,福州市,C 制造业
主板,湖南投资集团股份有限公司,湖南省长沙市天心区芙蓉中路508号之三君逸康年大酒店十二楼,548,湖南投资,1993/12/20,"499,215,811","499,188,811",华中,湖南,长沙市,G 运输仓储
主板,江铃汽车股份有限公司,江西省南昌市迎宾北大道509号,550,江铃汽车,1993/12/1,"519,214,000","518,463,160",华东,江西,南昌市,C 制造业
主板,创元科技股份有限公司,江苏省苏州市高新区鹿山路35号,551,创元科技,1994/1/6,"400,080,405","400,080,405",华东,江苏,苏州市,S 综合
主板,甘肃靖远煤电股份有限公司,甘肃省白银市平川区大桥路1号,552,靖远煤电,1994/1/6,"2,286,971,050","2,283,712,837",西北,甘肃,白银市,B 采矿业
主板,安道麦股份有限公司,湖北省荆州市北京东路93号,553,安道麦A,1993/12/3,"2,177,071,961","2,177,067,461",华中,湖北,荆州市,C 制造业
主板,中国石化山东泰山石油股份有限公司,山东省泰安市东岳大街369号,554,泰山石油,1993/12/15,"480,793,318","362,649,710",华东,山东,泰安市,F 批发零售
主板,神州数码信息服务股份有限公司,广东省深圳市南山区科发路8号金融服务技术创新基地2栋11B1单元,555,神州信息,1994/4/8,"975,611,557","965,269,754",华南,广东,深圳市,I 信息技术
主板,宁夏西部创业实业股份有限公司,宁夏回族自治区银川市北京中路168号C座一楼,557,西部创业,1994/6/17,"1,458,374,735","1,457,916,198",西北,宁夏,银川市,G 运输仓储
主板,莱茵达体育发展股份有限公司,浙江省杭州市西湖区文三路535号莱茵达大厦,558,莱茵体育,1994/5/9,"1,289,223,949","1,288,419,854",华东,浙江,杭州市,K 房地产
主板,万向钱潮股份有限公司,浙江省杭州市萧山区万向路,559,万向钱潮,1994/1/10,"3,303,791,344","2,753,147,124",华东,浙江,杭州市,C 制造业
主板,我爱我家控股集团股份有限公司,云南省昆明市东风西路1号,560,我爱我家,1994/2/2,"2,355,500,851","2,140,995,837",西南,云南,昆明市,K 房地产
主板,陕西烽火电子股份有限公司,陕西省宝鸡市清姜路72号,561,烽火电子,1994/5/9,"604,692,321","599,176,586",西北,陕西,宝鸡市,C 制造业
主板,陕西省国际信托股份有限公司,陕西省西安市高新区科技路50号金桥国际广场C座,563,陕国投Ａ,1994/1/10,"3,964,012,846","3,964,012,846",西北,陕西,西安市,J 金融业
主板,供销大集集团股份有限公司,陕西省西安市解放路103号,564,供销大集,1994/1/10,"5,982,004,024","2,005,895,931",西北,陕西,西安市,F 批发零售
主板,重庆三峡油漆股份有限公司,重庆市江津区德感工业园区,565,渝三峡Ａ,1994/4/8,"433,592,220","433,592,220",西南,重庆,重庆市,C 制造业
主板,海南海药股份有限公司,海南省海口市秀英区南海大道192号,566,海南海药,1994/5/25,"1,335,979,264","1,204,004,379",华南,海南,海口市,C 制造业
主板,海南海德资本管理股份有限公司,海南省海口市海德路5号,567,海德股份,1994/5/25,"641,138,926","217,869,011",华南,海南,海口市,J 金融业
主板,泸州老窖股份有限公司,四川省泸州市国窖广场,568,泸州老窖,1994/5/9,"1,464,752,476","1,464,306,555",西南,四川,泸州市,C 制造业
主板,常柴股份有限公司,江苏省常州市怀德中路123号,570,苏常柴Ａ,1994/7/1,"411,374,326","411,374,326",华东,江苏,常州市,C 制造业
主板,新大洲控股股份有限公司,海南省海口市桂林洋经济开发区,571,*ST大洲,1994/5/25,"814,064,000","806,535,195",华南,海南,海口市,S 综合
主板,海马汽车股份有限公司,海南省海口市金盘工业区金盘路12-8号,572,ST海马,1994/8/8,"1,644,636,426","1,642,155,224",华南,海南,海口市,C 制造业
主板,东莞宏远工业区股份有限公司,广东省东莞市南城区宏远工业区,573,粤宏远Ａ,1994/8/15,"638,280,604","632,503,003",华南,广东,东莞市,K 房地产
主板,广东甘化科工股份有限公司,广东省江门市甘化路62号,576,甘化科工,1994/9/7,"442,861,324","427,984,418",华南,广东,江门市,C 制造业
主板,无锡威孚高科技集团股份有限公司,江苏省无锡国家高新技术产业开发区华山路5号,581,威孚高科,1998/9/24,"836,570,570","816,949,740",华东,江苏,无锡市,C 制造业
主板,北部湾港股份有限公司,广西壮族自治区北海市海角路145号,582,北部湾港,1995/11/2,"1,634,616,854","1,266,819,490",华南,广西,北海市,G 运输仓储
主板,江苏哈工智能机器人股份有限公司,江苏省江阴市临港街道双良路15号,584,哈工智能,1995/11/28,"760,937,577","598,365,725",华东,江苏,无锡市,C 制造业
主板,东北电气发展股份有限公司,海南省海口市南海大道266号海口国家高新区创业孵化中心A楼5层A1-1077室,585,*ST东电,1995/12/13,"615,420,000","609,420,978",华南,海南,海口市,C 制造业
主板,四川汇源光通信股份有限公司,四川省成都市高新西区西芯大道5号,586,汇源通信,1995/12/20,"193,440,000","193,440,000",西南,四川,成都市,C 制造业
主板,金洲慈航集团股份有限公司,黑龙江省伊春市伊春区青山西路118号,587,*ST金洲,1996/4/25,"2,123,749,330","1,213,011,850",东北,黑龙江,伊春市,C 制造业
主板,贵州轮胎股份有限公司,贵州省贵阳市云岩区百花大道41号,589,贵州轮胎,1996/3/8,"797,589,304","775,464,304",西南,贵州,贵阳市,C 制造业
主板,启迪药业集团股份公司,湖南省衡阳市高新区杨柳路33号,590,启迪药业,1996/1/19,"239,471,267","239,376,227",华中,湖南,衡阳市,C 制造业
主板,中节能太阳能股份有限公司,重庆市渝中区中山三路131号希尔顿商务中心19楼G,591,太阳能,1996/2/8,"3,007,098,032","2,037,098,929",西南,重庆,重庆市,D 水电煤气
主板,中福海峡（平潭）发展股份有限公司,福建省平潭综合实验区北厝镇金井二路台湾创业园28、35号楼4层,592,平潭发展,1996/3/27,"1,931,780,892","1,913,936,915",华东,福建,福州市,A 农林牧渔
主板,四川大通燃气开发股份有限公司,四川省成都市建设路55号,593,大通燃气,1996/3/12,"358,631,009","358,209,794",西南,四川,成都市,D 水电煤气
主板,宝塔实业股份有限公司,宁夏回族自治区银川市西夏区北京西路630号,595,*ST宝实,1996/4/19,"1,148,498,366","1,137,081,566",西北,宁夏,银川市,C 制造业
主板,安徽古井贡酒股份有限公司,安徽省亳州市古井镇,596,古井贡酒,1996/9/27,"383,600,000","383,600,000",华东,安徽,亳州市,C 制造业
主板,东北制药集团股份有限公司,辽宁省沈阳经济技术开发区昆明湖街8号,597,东北制药,1996/5/23,"1,350,702,476","1,249,257,095",东北,辽宁,沈阳市,C 制造业
主板,成都市兴蓉环境股份有限公司,四川省成都市青羊区苏坡乡万家湾村,598,兴蓉环境,1996/5/29,"2,986,218,602","2,986,218,602",西南,四川,成都市,D 水电煤气
主板,青岛双星股份有限公司,山东省青岛市黄岛区两河路666号,599,青岛双星,1996/4/30,"822,259,233","767,709,543",华东,山东,青岛市,C 制造业
主板,河北建投能源投资股份有限公司,河北省石家庄市裕华西路9号裕园广场A座,600,建投能源,1996/6/6,"1,791,626,376","1,090,044,126",华北,河北,石家庄市,D 水电煤气
主板,广东韶能集团股份有限公司,广东省韶关市武江区沿江路16号,601,韶能股份,1996/8/30,"1,080,551,669","1,079,754,322",华南,广东,韶关市,D 水电煤气
主板,盛达金属资源股份有限公司,北京市大兴区瀛海镇京福路瀛海段1号,603,盛达资源,1996/8/23,"689,969,346","578,804,715",华北,北京,北京市,B 采矿业
主板,渤海水业股份有限公司,北京市顺义区中关村科技园顺义园临空二路1号,605,渤海股份,1996/9/13,"352,658,600","335,693,601",华北,北京,北京市,D 水电煤气
主板,顺利办信息服务股份有限公司,青海省西宁市城西区五四西路57号5号楼,606,顺利办,1996/10/4,"765,799,353","707,201,606",西北,青海,西宁市,I 信息技术
主板,浙江华媒控股股份有限公司,浙江省杭州市下城区体育场路218号,607,华媒控股,1996/8/30,"1,017,698,410","884,859,969",华东,浙江,杭州市,R 文化传播
主板,阳光新业地产股份有限公司,广西壮族自治区南宁市江南路230号南宁经济技术开发区,608,阳光股份,1996/9/19,"749,913,309","749,796,859",华南,广西,南宁市,K 房地产
主板,北京中迪投资股份有限公司,北京市丰台区科学城海鹰路1号院6号楼5层,609,中迪投资,1996/10/10,"299,265,522","292,002,672",华北,北京,北京市,S 综合
主板,西安旅游股份有限公司,陕西省西安市雁塔区雁翔路3001号华商传媒中心2号楼13f,610,西安旅游,1996/9/26,"236,747,901","235,394,869",西北,陕西,西安市,N 公共环保
主板,内蒙古天首科技发展股份有限公司,内蒙古自治区包头市青山区钢铁大街7号正翔国际广场B6号楼,611,ST天首,1996/10/8,"337,822,022","319,347,925",华北,内蒙古,包头市,C 制造业
主板,焦作万方铝业股份有限公司,河南省焦作市马村区待王镇焦新路南侧,612,焦作万方,1996/9/26,"1,192,199,394","1,190,682,144",华中,河南,焦作市,C 制造业
主板,海南大东海旅游中心股份有限公司,海南省三亚市大东海,613,大东海A,1997/1/28,"276,100,000","265,876,600",华南,海南,三亚市,H 住宿餐饮
主板,奥园美谷科技股份有限公司,湖北省襄阳市樊城区陈家湖,615,奥园美谷,1996/10/16,"781,180,319","771,682,993",华中,湖北,襄阳市,K 房地产
主板,海航投资集团股份有限公司,辽宁省大连市中山区长江路123号长江写字楼2129,616,海航投资,1996/11/8,"1,430,234,425","1,430,234,425",东北,辽宁,大连市,K 房地产
主板,中国石油集团资本股份有限公司,新疆维吾尔自治区克拉玛依市世纪大道7号,617,中油资本,1996/10/22,"12,642,079,079","12,642,079,079",西北,新疆,克拉玛依市,J 金融业
主板,芜湖海螺型材科技股份有限公司,安徽省芜湖市经济开发区港湾路,619,海螺型材,1996/10/23,"360,000,000","360,000,000",华东,安徽,芜湖市,C 制造业
主板,新华联文化旅游发展股份有限公司,北京市通州区外郎营村北2号院2号楼8层101,620,新华联,1996/10/29,"1,896,690,420","1,896,611,195",华北,北京,北京市,K 房地产
主板,恒立实业发展集团股份有限公司,湖南省岳阳市岳阳楼区冷水铺办事处冷水铺居委会10幢301,622,恒立实业,1996/11/7,"425,226,000","425,226,000",华中,湖南,岳阳市,C 制造业
主板,吉林敖东药业集团股份有限公司,吉林省敦化市敖东大街2158号,623,吉林敖东,1996/10/28,"1,163,041,484","1,160,085,651",东北,吉林,延边朝鲜族自治州,C 制造业
主板,重庆长安汽车股份有限公司,重庆市江北区建新东路260号,625,长安汽车,1997/6/10,"4,461,410,032","3,900,643,469",西南,重庆,重庆市,C 制造业
主板,远大产业控股股份有限公司,江苏省连云港市高新技术产业开发区高新八路4号,626,远大控股,1996/11/28,"542,874,902","463,946,400",华东,江苏,连云港市,F 批发零售
主板,天茂实业集团股份有限公司,湖北省荆门市杨湾路132号,627,天茂集团,1996/11/12,"4,940,629,165","4,462,504,165",华中,湖北,荆门市,J 金融业
主板,成都高新发展股份有限公司,四川省成都市高新技术产业开发区,628,高新发展,1996/11/18,"352,280,000","187,980,340",西南,四川,成都市,E 建筑业
主板,攀钢集团钒钛资源股份有限公司,四川省攀枝花市弄弄坪,629,攀钢钒钛,1996/11/15,"8,589,746,202","7,464,393,822",西南,四川,攀枝花市,C 制造业
主板,铜陵有色金属集团股份有限公司,安徽省铜陵市长江西路,630,铜陵有色,1996/11/20,"10,526,533,308","10,526,400,476",华东,安徽,铜陵市,C 制造业
主板,顺发恒业股份公司,吉林省长春市前进大街3055号南湖新村办公室201室,631,顺发恒业,1996/11/22,"2,432,519,168","2,432,519,168",东北,吉林,长春市,K 房地产
主板,福建三木集团股份有限公司,福建省福州市开发区君竹路162号,632,三木集团,1996/11/21,"465,519,570","465,481,606",华东,福建,福州市,F 批发零售
主板,新疆合金投资股份有限公司,新疆维吾尔自治区和田市北京工业园区杭州大道2号电子产业园102室,633,合金投资,1996/11/12,"385,106,373","385,104,123",西北,新疆,和田地区,C 制造业
主板,宁夏英力特化工股份有限公司,宁夏回族自治区石嘴山市惠农区钢电路,635,英 力 特,1996/11/20,"303,087,602","303,087,602",西北,宁夏,石嘴山市,C 制造业
主板,广东风华高新科技股份有限公司,广东省肇庆市风华路18号风华电子工业城,636,风华高科,1996/11/29,"895,233,111","895,233,111",华南,广东,肇庆市,C 制造业
主板,茂名石化实华股份有限公司,广东省茂名市官渡路162号,637,茂化实华,1996/11/14,"519,875,356","366,494,967",华南,广东,茂名市,C 制造业
主板,万方城镇投资发展股份有限公司,吉林省白山市江源区江源大街30号,638,万方发展,1996/11/26,"309,400,000","308,159,050",东北,吉林,白山市,I 信息技术
主板,西王食品股份有限公司,山东省滨州市邹平县西王工业园,639,西王食品,1996/11/26,"1,079,428,095","1,079,426,772",华东,山东,滨州市,C 制造业
主板,仁和药业股份有限公司,江西省南昌市高新开发区京东北大道399号,650,仁和药业,1996/12/10,"1,399,938,234","1,180,393,145",华东,江西,南昌市,C 制造业
主板,珠海格力电器股份有限公司,广东省珠海市前山金鸡西路,651,格力电器,1996/11/18,"6,015,730,878","5,969,908,834",华南,广东,珠海市,C 制造业
主板,天津泰达股份有限公司,天津市开发区第三大街16号,652,泰达股份,1996/11/28,"1,475,573,852","1,474,356,969",华北,天津,天津市,F 批发零售
主板,山东金岭矿业股份有限公司,山东省淄博市张店区中埠镇,655,金岭矿业,1996/11/28,"595,340,230","595,340,230",华东,山东,淄博市,B 采矿业
主板,金科地产集团股份有限公司,重庆市江北区复盛镇正街（政府大楼）,656,金科股份,1996/11/28,"5,339,715,816","5,277,461,006",西南,重庆,重庆市,K 房地产
主板,中钨高新材料股份有限公司,海南省海口市龙昆北路2号珠江广场帝都大厦18楼,657,中钨高新,1996/12/5,"1,054,290,442","773,520,517",华南,海南,海口市,C 制造业
主板,珠海中富实业股份有限公司,广东省珠海市保税区1号地三号厂房201号,659,珠海中富,1996/12/3,"1,285,702,520","1,285,702,520",华南,广东,珠海市,C 制造业
主板,长春高新技术产业（集团）股份有限公司,吉林省长春市同志街2400号火炬大厦五层,661,长春高新,1996/12/18,"404,720,290","355,182,558",东北,吉林,长春市,C 制造业
主板,天夏智慧城市科技股份有限公司,广西壮族自治区梧州市新兴二路137号,662,*ST天夏,1996/12/16,"1,093,097,734","1,093,097,734",华南,广西,梧州市,I 信息技术
主板,福建省永安林业(集团)股份有限公司,福建省永安市燕江东路819号,663,*ST永林,1996/12/6,"336,683,929","280,200,791",华东,福建,三明市,C 制造业
主板,湖北省广播电视信息网络股份有限公司,湖北省武汉经济技术开发区工业区,665,湖北广电,1996/12/10,"981,885,798","981,831,093",华中,湖北,武汉市,R 文化传播
主板,经纬纺织机械股份有限公司,北京市北京经济技术开发区永昌中路8号,666,经纬纺机,1996/12/10,"523,330,000","293,518,766",华北,北京,北京市,J 金融业
主板,美好置业集团股份有限公司,云南省昆明市北京路与联盟路交叉口卓越俊园10幢1单元32层3202室,667,美好置业,1996/12/5,"2,466,988,633","2,447,314,632",西南,云南,昆明市,K 房地产
主板,荣丰控股集团股份有限公司,上海市浦东新区浦东大道1200号1908室,668,荣丰控股,1996/12/10,"146,841,890","146,688,393",华东,上海,上海市,K 房地产
主板,金鸿控股集团股份有限公司,吉林省吉林市高新区恒山西路108号,669,*ST金鸿,1996/12/10,"680,408,797","680,408,122",东北,吉林,吉林市,D 水电煤气
主板,盈方微电子股份有限公司,湖北省荆州市沙市区北京西路440号,670,*ST盈方,1996/12/17,"816,627,360","601,819,536",华中,湖北,荆州市,C 制造业
主板,阳光城集团股份有限公司,福建省福州经济技术开发区星发路8号,671,阳 光 城,1996/12/18,"4,136,506,400","4,052,707,453",华东,福建,福州市,K 房地产
主板,甘肃上峰水泥股份有限公司,甘肃省白银市白银区五一街2号,672,上峰水泥,1996/12/18,"813,619,871","813,619,871",西北,甘肃,白银市,C 制造业
主板,当代东方投资股份有限公司,山西省大同市口泉,673,*ST当代,1997/1/24,"791,550,442","789,510,358",华北,山西,大同市,R 文化传播
主板,智度科技股份有限公司,广东省广州市花都区新雅街凤凰南路56之三401室（部位之8）,676,智度股份,1996/12/24,"1,325,700,535","1,023,167,215",华南,广东,广州市,I 信息技术
主板,恒天海龙股份有限公司,山东省潍坊市寒亭区海龙路555号,677,恒天海龙,1996/12/26,"863,977,948","863,977,948",华东,山东,潍坊市,C 制造业
主板,襄阳汽车轴承股份有限公司,湖北省襄阳市高新区邓城大道97号,678,襄阳轴承,1997/1/6,"459,611,797","459,611,797",华中,湖北,襄阳市,C 制造业
主板,大连友谊(集团)股份有限公司,辽宁省大连市中山区七一街1号,679,*ST友谊,1997/1/24,"356,400,000","356,400,000",东北,辽宁,大连市,F 批发零售
主板,山推工程机械股份有限公司,山东省济宁市高新区327国道58号,680,山推股份,1997/1/22,"1,240,787,611","1,056,963,053",华东,山东,济宁市,C 制造业
主板,视觉（中国）文化发展股份有限公司,江苏省常州市武进区西太湖科技产业园禾香路123号,681,视觉中国,1997/1/21,"700,577,436","664,177,193",华东,江苏,常州市,R 文化传播
主板,东方电子股份有限公司,山东省烟台市芝罘区机场路2号,682,东方电子,1997/1/21,"1,340,727,007","978,027,357",华东,山东,烟台市,I 信息技术
主板,内蒙古远兴能源股份有限公司,内蒙古自治区鄂尔多斯市东胜区鄂托克西街博源大厦12层,683,远兴能源,1997/1/31,"3,769,244,991","3,401,509,404",华北,内蒙古,鄂尔多斯市,C 制造业
主板,中山公用事业集团股份有限公司,广东省中山市兴中道十八号财兴大厦北座,685,中山公用,1997/1/23,"1,475,111,351","1,253,229,908",华南,广东,中山市,D 水电煤气
主板,东北证券股份有限公司,吉林省长春市生态大街6666号,686,东北证券,1997/2/27,"2,340,452,915","2,340,452,915",东北,吉林,长春市,J 金融业
主板,华讯方舟股份有限公司,河北省保定市安新县新旅游路北侧7号别墅,687,*ST华讯,1997/2/21,"766,199,362","752,864,376",华北,河北,保定市,C 制造业
主板,国城矿业股份有限公司,重庆市涪陵江东群沱子路31号,688,国城矿业,1997/1/20,"1,137,299,314","1,137,294,919",西南,重庆,重庆市,B 采矿业
主板,广东宝丽华新能源股份有限公司,广东省梅州市梅县华侨城香港花园宝丽华综合大楼,690,宝新能源,1997/1/28,"2,175,887,862","2,084,122,831",华南,广东,梅州市,D 水电煤气
主板,海南亚太实业发展股份有限公司,甘肃省兰州市兰州新区亚太工业科技总部基地A1号办公楼,691,亚太实业,1997/2/28,"323,270,000","290,486,300",西北,甘肃,兰州市,C 制造业
主板,沈阳惠天热电股份有限公司,辽宁省沈阳市沈河区热闹路47号,692,惠天热电,1997/2/27,"532,832,976","532,767,930",东北,辽宁,沈阳市,D 水电煤气
主板,天津滨海能源发展股份有限公司,天津市开发区第十一大街27号,695,滨海能源,1997/2/18,"222,147,539","221,721,339",华北,天津,天津市,C 制造业
主板,炼石航空科技股份有限公司,陕西省西咸新区沣西新城世纪大道55号,697,炼石航空,1997/3/25,"671,616,059","576,888,733",西北,陕西,咸阳市,C 制造业
主板,沈阳化工股份有限公司,辽宁省沈阳市经济技术开发区沈西三东路55号,698,沈阳化工,1997/2/20,"819,514,395","785,679,599",东北,辽宁,沈阳市,C 制造业
主板,江南模塑科技股份有限公司,江苏省江阴市周庄镇长青路8号,700,模塑科技,1997/2/28,"917,052,655","807,081,981",华东,江苏,无锡市,C 制造业
主板,厦门信达股份有限公司,福建省厦门市湖里区仙岳路4688号国贸中心A栋1101单元,701,厦门信达,1997/2/26,"418,713,056","406,486,156",华东,福建,厦门市,F 批发零售
主板,湖南正虹科技发展股份有限公司,湖南省岳阳市屈原管理区营田镇,702,正虹科技,1997/3/18,"266,634,576","266,634,576",华中,湖南,岳阳市,C 制造业
主板,恒逸石化股份有限公司,广西壮族自治区北海市北海大道西16号海富大厦第七层G号,703,恒逸石化,1997/3/28,"3,681,645,407","3,313,352,130",华南,广西,北海市,C 制造业
主板,浙江震元股份有限公司,浙江省绍兴市稽山街道延安东路558号,705,浙江震元,1997/4/10,"334,123,286","281,972,076",华东,浙江,绍兴市,F 批发零售
主板,湖北双环科技股份有限公司,湖北省应城市东马坊团结大道26号,707,ST双环,1997/4/15,"464,145,765","464,113,665",华中,湖北,孝感市,C 制造业
主板,中信泰富特钢集团股份有限公司,湖北省黄石市黄石大道316号,708,中信特钢,1997/3/26,"5,047,143,433","1,259,156,149",华中,湖北,黄石市,C 制造业
主板,河钢股份有限公司,河北省石家庄市体育南大街385号,709,河钢股份,1997/4/16,"10,618,607,852","10,616,892,526",华北,河北,石家庄市,C 制造业
主板,成都市贝瑞和康基因技术股份有限公司,四川省成都市经济技术开发区（龙泉驿区）成都汽车城大道333号,710,贝瑞基因,1997/4/22,"354,605,865","297,080,649",西南,四川,成都市,M 科研服务
主板,京蓝科技股份有限公司,黑龙江省哈尔滨市南岗区经济技术开发区,711,京蓝科技,1997/4/11,"1,023,667,816","821,865,026",东北,黑龙江,哈尔滨市,E 建筑业
主板,广东锦龙发展股份有限公司,广东省东莞市凤岗镇雁田东深二路66号天安数码城S3栋19楼03单元,712,锦龙股份,1997/4/15,"896,000,000","762,969,171",华南,广东,东莞市,J 金融业
主板,合肥丰乐种业股份有限公司,安徽省合肥市蜀山区创业大道4号,713,丰乐种业,1997/4/22,"438,582,129","399,248,262",华东,安徽,合肥市,A 农林牧渔
主板,中兴-沈阳商业大厦(集团)股份有限公司,辽宁省沈阳市和平区太原北街86号,715,中兴商业,1997/5/8,"415,718,940","415,059,494",东北,辽宁,沈阳市,F 批发零售
主板,南方黑芝麻集团股份有限公司,广西壮族自治区容县城南工业集中区黑五类产业园,716,黑芝麻,1997/4/18,"743,999,550","667,735,667",华南,广西,南宁市,C 制造业
主板,广东韶钢松山股份有限公司,广东省韶关市曲江区马坝,717,韶钢松山,1997/5/8,"2,419,524,410","2,419,524,410",华南,广东,韶关市,C 制造业
主板,苏宁环球股份有限公司,吉林省吉林经济技术开发区九站街718号,718,苏宁环球,1997/4/8,"3,034,636,384","2,289,264,499",东北,吉林,吉林市,K 房地产
主板,中原大地传媒股份有限公司,河南省焦作市塔南路45号,719,中原传媒,1997/3/31,"1,023,203,749","667,147,543",华中,河南,焦作市,R 文化传播
主板,山东新能泰山发电股份有限公司,山东省泰安市泰山区普照寺路5号,720,新能泰山,1997/5/9,"1,289,650,962","863,460,000",华东,山东,泰安市,K 房地产
主板,西安饮食股份有限公司,陕西省西安市曲江新区雁翔路3001号华商传媒文化中心2号楼14层,721,西安饮食,1997/4/30,"499,055,920","435,952,795",西北,陕西,西安市,H 住宿餐饮
主板,湖南发展集团股份有限公司,湖南省长沙市天心区芙蓉中路三段142号光大发展大厦2708,722,湖南发展,1997/5/22,"464,158,282","464,158,282",华中,湖南,衡阳市,D 水电煤气
主板,山西美锦能源股份有限公司,山西省太原市清徐县贯中大厦,723,美锦能源,1997/5/15,"4,078,093,052","3,773,971,471",华北,山西,太原市,C 制造业
主板,京东方科技集团股份有限公司,北京市朝阳区酒仙桥路10号,725,京东方Ａ,2001/1/12,"33,862,285,275","33,858,753,464",华北,北京,北京市,C 制造业
主板,鲁泰纺织股份有限公司,山东省淄博市高新技术开发区铭波路11号,726,鲁  泰Ａ,2000/12/25,"561,894,069","561,274,957",华东,山东,淄博市,C 制造业
主板,南京华东电子信息科技股份有限公司,江苏省南京市栖霞区天佑路7号,727,*ST东科,1997/5/20,"4,529,566,980","2,930,655,908",华东,江苏,南京市,C 制造业
主板,国元证券股份有限公司,安徽省合肥市梅山路18号,728,国元证券,1997/6/16,"4,363,777,891","4,291,289,205",华东,安徽,合肥市,J 金融业
主板,北京燕京啤酒股份有限公司,北京市顺义区双河路9号,729,燕京啤酒,1997/7/16,"2,818,539,341","2,509,558,118",华北,北京,北京市,C 制造业
主板,四川美丰化工股份有限公司,四川省射洪县太和镇新阳街87号,731,四川美丰,1997/6/17,"591,484,352","591,484,352",西南,四川,遂宁市,C 制造业
主板,泰禾集团股份有限公司,福建省三明市梅列区徐碧,732,泰禾集团,1997/7/4,"2,488,901,440","2,485,976,896",华东,福建,三明市,K 房地产
主板,中国振华(集团)科技股份有限公司,贵州省贵阳市乌当区新添大道北段268号,733,振华科技,1997/7/3,"514,805,618","514,805,618",西南,贵州,贵阳市,C 制造业
主板,罗牛山股份有限公司,海南省海口市人民大道50号,735,罗 牛 山,1997/6/11,"1,151,513,578","1,150,886,809",华南,海南,海口市,A 农林牧渔
主板,中交地产股份有限公司,重庆市江北区建新北路86号,736,中交地产,1997/4/25,"695,433,689","695,431,739",西南,重庆,重庆市,K 房地产
主板,南风化工集团股份有限公司,山西省运城市红旗东街376号,737,ST南风,1997/4/28,"548,760,000","548,760,000",华北,山西,运城市,C 制造业
主板,中国航发动力控制股份有限公司,江苏省无锡市滨湖区刘闾路33号,738,航发控制,1997/6/26,"1,145,642,349","1,145,634,399",华东,江苏,无锡市,C 制造业
主板,普洛药业股份有限公司,浙江省东阳市横店江南路399号,739,普洛药业,1997/5/9,"1,178,523,492","1,178,398,671",华东,浙江,金华市,C 制造业
主板,国海证券股份有限公司,广西壮族自治区桂林市辅星路13号,750,国海证券,1997/7/9,"5,444,525,514","5,444,520,789",华南,广西,桂林市,J 金融业
主板,葫芦岛锌业股份有限公司,辽宁省葫芦岛市龙港区锌厂路24号,751,锌业股份,1997/6/26,"1,409,869,279","1,409,867,929",东北,辽宁,葫芦岛市,C 制造业
主板,西藏发展股份有限公司,西藏自治区拉萨市金珠西路格桑林卡A区28-5,752,*ST西发,1997/6/25,"263,758,491","263,758,491",西南,西藏,拉萨市,C 制造业
主板,福建漳州发展股份有限公司,福建省漳州市胜利东路漳州发展广场,753,漳州发展,1997/6/26,"991,481,071","991,481,071",华东,福建,漳州市,F 批发零售
主板,山西路桥股份有限公司,山西省洪洞县赵城镇,755,山西路桥,1997/6/27,"469,264,621","469,264,621",华北,山西,临汾市,G 运输仓储
主板,山东新华制药股份有限公司,山东省淄博市高新技术产业开发区化工区,756,新华制药,1997/8/6,"426,859,447","426,847,845",华东,山东,淄博市,C 制造业
主板,四川浩物机电股份有限公司,四川省内江市市中区汉渝大道1558号,757,浩物股份,1997/6/27,"664,714,511","451,619,600",西南,四川,内江市,F 批发零售
主板,中国有色金属建设股份有限公司,北京市丰台区西客站南广场驻京办一号楼B座,758,中色股份,1997/4/16,"1,969,378,424","1,969,329,094",华北,北京,北京市,B 采矿业
主板,中百控股集团股份有限公司,湖北省武汉市江汉区江汉路129号,759,中百集团,1997/5/19,"681,021,500","680,610,192",华中,湖北,武汉市,F 批发零售
主板,斯太尔动力股份有限公司,湖北省公安县斗湖堤镇荆江大道178号,760,*ST斯太,1997/6/27,"771,844,628","654,444,268",华中,湖北,荆州市,C 制造业
主板,本钢板材股份有限公司,辽宁省本溪市平山区人民路16号,761,本钢板材,1998/1/15,"3,475,371,532","3,475,371,532",东北,辽宁,本溪市,C 制造业
主板,西藏矿业发展股份有限公司,西藏自治区拉萨市中和国际城金珠二路8号,762,西藏矿业,1997/7/8,"520,819,240","520,795,518",西南,西藏,拉萨市,B 采矿业
主板,通化金马药业集团股份有限公司,吉林省通化市二道江区金马路999号,766,通化金马,1997/4/30,"966,494,707","706,995,720",东北,吉林,通化市,C 制造业
主板,晋能控股山西电力股份有限公司,山西省示范区晋阳街南一条10号1幢-1-22层,767,晋控电力,1997/6/9,"3,076,942,219","2,912,297,305",华北,山西,太原市,D 水电煤气
主板,中航西安飞机工业集团股份有限公司,陕西省西安市阎良区西飞大道一号,768,中航西飞,1997/6/26,"2,768,645,071","2,768,639,196",西北,陕西,西安市,C 制造业
主板,广发证券股份有限公司,广东省广州市黄埔区中新广州知识城腾飞一街2号618室,776,广发证券,1997/6/11,"5,919,291,464","5,919,291,464",华南,广东,广州市,J 金融业
主板,中核苏阀科技实业股份有限公司,江苏省苏州高新区浒关工业园安杨路178号,777,中核科技,1997/7/10,"383,417,593","383,405,125",华东,江苏,苏州市,C 制造业
主板,新兴铸管股份有限公司,河北省武安市上洛阳村北(二六七二厂区),778,新兴铸管,1997/6/6,"3,990,880,176","3,884,900,959",华北,河北,邯郸市,C 制造业
主板,甘肃工程咨询集团股份有限公司,甘肃省兰州市城关区酒泉路16号新业大厦713号,779,甘咨询,1997/5/28,"380,330,518","175,031,047",西北,甘肃,兰州市,M 科研服务
主板,内蒙古平庄能源股份有限公司,内蒙古自治区赤峰市元宝山区平庄镇哈河街,780,*ST平能,1997/6/6,"1,014,306,324","1,014,306,324",华北,内蒙古,赤峰市,B 采矿业
主板,广东新会美达锦纶股份有限公司,广东省江门市新会区会城镇江会路上浅口,782,美达股份,1997/6/19,"528,139,623","528,135,152",华南,广东,江门市,C 制造业
主板,长江证券股份有限公司,湖北省武汉市江汉区新华路特8号,783,长江证券,1997/7/31,"5,529,620,698","5,529,620,698",华中,湖北,武汉市,J 金融业
主板,居然之家新零售集团股份有限公司,湖北省武汉市武昌区中南路9号,785,居然之家,1997/7/11,"6,529,036,899","251,092,998",华中,湖北,武汉市,F 批发零售
主板,北新集团建材股份有限公司,北京市海淀区复兴路17号国海广场2号楼15层,786,北新建材,1997/6/6,"1,689,507,842","1,689,507,842",华北,北京,北京市,C 制造业
主板,北大医药股份有限公司,重庆市北碚区水土镇方正大道21号,788,北大医药,1997/6/16,"595,987,425","595,987,425",西南,重庆,重庆市,C 制造业
主板,江西万年青水泥股份有限公司,江西省上饶市,789,万年青,1997/9/23,"797,390,992","797,372,085",华东,江西,上饶市,C 制造业
主板,成都华神科技集团股份有限公司,四川省成都高新区（西区）蜀新大道1168号2栋1楼101号,790,华神科技,1998/3/27,"616,360,564","616,360,564",西南,四川,成都市,C 制造业
主板,甘肃电投能源发展股份有限公司,中国甘肃省兰州市城关区北滨河东路69号甘肃投资集团大厦,791,甘肃电投,1997/10/14,"1,359,576,680","1,359,548,680",西北,甘肃,兰州市,D 水电煤气
主板,青海盐湖工业股份有限公司,青海省格尔木市黄河路28号,792,*ST盐湖,1997/9/4,"5,432,876,672","5,428,941,712",西北,青海,海西蒙古族藏族自治州,C 制造业
主板,华闻传媒投资集团股份有限公司,海南省海口市海甸四东路民生大厦,793,华闻集团,1997/7/29,"1,997,245,457","1,961,008,615",华南,海南,海口市,R 文化传播
主板,英洛华科技股份有限公司,山西省太原市万柏林区新晋祠路147号尚德峰国际14层,795,英洛华,1997/8/8,"1,133,684,103","1,131,407,846",华北,山西,太原市,C 制造业
主板,凯撒同盛发展股份有限公司,陕西省宝鸡市渭滨区经二路155号,796,凯撒旅业,1997/7/3,"803,000,258","802,583,633",西北,陕西,宝鸡市,L 商务服务
主板,中国武夷实业股份有限公司,福建省福州市鼓楼区温泉街道五四路89号置地广场4层,797,中国武夷,1997/7/15,"1,570,998,213","1,566,239,646",华东,福建,福州市,K 房地产
主板,中水集团远洋股份有限公司,北京市西城区西单民丰胡同31号中水大厦6层,798,中水渔业,1998/2/12,"319,455,000","319,386,750",华北,北京,北京市,A 农林牧渔
主板,酒鬼酒股份有限公司,湖南省吉首市峒河街道振武营村,799,酒鬼酒,1997/7/18,"324,928,980","324,928,980",华中,湖南,湘西土家族苗族自治州,C 制造业
主板,一汽解放集团股份有限公司,吉林省长春市汽车开发区东风大街2259号,800,一汽解放,1997/6/18,"4,609,666,212","1,411,754,078",东北,吉林,长春市,C 制造业
主板,四川九洲电器股份有限公司,四川省绵阳市科创园区九洲大道259号,801,四川九洲,1998/5/6,"1,022,806,646","1,022,799,146",西南,四川,绵阳市,C 制造业
主板,北京京西文化旅游股份有限公司,北京市门头沟区水闸路21号12幢,802,北京文化,1998/1/8,"715,900,255","711,208,705",华北,北京,北京市,R 文化传播
主板,北清环能集团股份有限公司,四川省南充市顺庆区延安路380号,803,*ST北能,1998/3/3,"191,090,731","127,730,893",西南,四川,南充市,C 制造业
主板,北海银河生物产业投资股份有限公司,广西壮族自治区北海市西藏路银河软件科技园专家创业区1号,806,*ST银河,1998/4/16,"1,099,911,762","699,304,718",华南,广西,北海市,C 制造业
主板,云南铝业股份有限公司,云南省昆明市呈贡区七甸街道,807,云铝股份,1998/4/8,"3,128,206,556","2,606,693,225",西南,云南,昆明市,C 制造业
主板,铁岭新城投资控股(集团)股份有限公司,辽宁省铁岭市凡河新区金沙江路12号,809,铁岭新城,1998/6/16,"824,791,293","824,791,293",东北,辽宁,铁岭市,N 公共环保
主板,创维数字股份有限公司,四川省遂宁市经济技术开发区西宁片区台商工业园内,810,创维数字,1998/6/2,"1,063,361,233","1,024,815,762",西南,四川,遂宁市,C 制造业
主板,冰轮环境技术股份有限公司,山东省烟台市芝罘区冰轮路1号,811,冰轮环境,1998/5/28,"745,837,804","745,821,693",华东,山东,烟台市,C 制造业
主板,陕西金叶科教集团股份有限公司,陕西省西安市高新区锦业路1号都市之门B座19层,812,陕西金叶,1998/6/23,"768,692,614","670,303,988",西北,陕西,西安市,C 制造业
主板,德展大健康股份有限公司,新疆维吾尔自治区乌鲁木齐市天山区金银路53号金融大厦1611室,813,德展健康,1998/5/19,"2,241,481,800","2,219,869,572",西北,新疆,乌鲁木齐市,C 制造业
主板,中冶美利云产业投资股份有限公司,宁夏回族自治区中卫市城区柔远镇,815,美利云,1998/6/9,"695,263,035","695,263,035",西北,宁夏,银川市,C 制造业
主板,江苏农华智慧农业科技股份有限公司,江苏省盐城经济技术开发区希望大道南路58号,816,智慧农业,1997/8/18,"1,424,503,318","1,336,277,472",华东,江苏,盐城市,C 制造业
主板,航锦科技股份有限公司,辽宁省葫芦岛市连山区化工街1号,818,航锦科技,1997/10/17,"689,890,000","676,987,825",东北,辽宁,葫芦岛市,C 制造业
主板,岳阳兴长石化股份有限公司,湖南省岳阳市云溪区,819,岳阳兴长,1997/6/25,"299,150,255","299,150,255",华中,湖南,岳阳市,C 制造业
主板,神雾节能股份有限公司,江西省南昌市望城新区璜溪大道19号十一楼1188室,820,*ST节能,1998/6/30,"637,245,222","287,655,920",华东,江西,南昌市,C 制造业
主板,湖北京山轻工机械股份有限公司,湖北省京山县经济技术开发区轻机工业园,821,京山轻机,1998/6/26,"538,235,280","457,006,641",华中,湖北,荆门市,C 制造业
主板,山东海化股份有限公司,山东省潍坊滨海经济开发区,822,山东海化,1998/7/3,"895,091,926","895,091,926",华东,山东,潍坊市,C 制造业
主板,广东汕头超声电子股份有限公司,广东省汕头市龙湖区龙江路12号,823,超声电子,1997/10/8,"536,966,000","536,920,512",华南,广东,汕头市,C 制造业
主板,山西太钢不锈钢股份有限公司,山西省太原市尖草坪街2号,825,太钢不锈,1998/10/21,"5,696,247,796","5,696,176,066",华北,山西,太原市,C 制造业
主板,启迪环境科技发展股份有限公司,湖北省宜昌市沿江大道114号,826,启迪环境,1998/2/25,"1,430,578,784","1,426,254,868",华中,湖北,宜昌市,N 公共环保
主板,东莞发展控股股份有限公司,广东省东莞市南城区科技工业园科技路39号,828,东莞控股,1997/6/17,"1,039,516,992","1,039,515,642",华南,广东,东莞市,G 运输仓储
主板,天音通信控股股份有限公司,江西省赣州市经济技术开发区迎宾大道60号,829,天音控股,1997/12/2,"1,025,100,438","921,915,273",华东,江西,赣州市,F 批发零售
主板,鲁西化工集团股份有限公司,山东省聊城市高新技术产业开发区鲁西化工总部驻地,830,鲁西化工,1998/8/7,"1,464,860,778","1,464,042,635",华东,山东,聊城市,C 制造业
主板,五矿稀土股份有限公司,山西省运城市解州镇新建路36号,831,五矿稀土,1998/9/11,"980,888,981","980,888,981",华北,山西,运城市,C 制造业
主板,广西粤桂广业控股股份有限公司,广西壮族自治区贵港市幸福路100号,833,粤桂股份,1998/11/11,"668,401,851","378,085,022",华南,广西,贵港市,S 综合
主板,长城国际动漫游戏股份有限公司,四川省成都市高新区紫薇东路16号,835,*ST长动,1999/6/25,"326,760,374","302,070,000",西南,四川,成都市,I 信息技术
主板,天津富通鑫茂科技股份有限公司,天津市滨海高新区华苑产业区梅苑路6号海泰大厦十六层,836,富通鑫茂,1997/9/29,"1,208,455,224","1,208,315,049",华北,天津,天津市,C 制造业
主板,秦川机床工具集团股份公司,陕西省宝鸡市姜谭路22号,837,*ST秦机,1998/9/28,"693,370,910","693,099,024",西北,陕西,宝鸡市,C 制造业
主板,财信地产发展集团股份有限公司,重庆市江北区红黄路1号1幢24楼,838,财信发展,1997/6/26,"1,100,462,170","846,109,019",西南,重庆,重庆市,K 房地产
主板,中信国安信息产业股份有限公司,北京市海淀区宝盛南路1号院11号楼三层101-01室,839,中信国安,1997/10/31,"3,919,826,352","3,919,191,712",华北,北京,北京市,I 信息技术
主板,河北承德露露股份有限公司,河北省承德市高新技术产业开发区（西区8号）,848,承德露露,1997/11/13,"1,076,419,000","1,076,392,496",华北,河北,承德市,C 制造业
主板,安徽华茂纺织股份有限公司,安徽省安庆市纺织南路80号,850,华茂股份,1998/10/7,"943,665,009","943,382,487",华东,安徽,安庆市,C 制造业
主板,大唐高鸿数据网络技术股份有限公司,贵州省贵阳市花溪区磊花路口,851,高鸿股份,1998/6/9,"907,629,867","878,473,706",西南,贵州,贵阳市,F 批发零售
主板,中石化石油机械股份有限公司,湖北省武汉市东湖新技术开发区庙山小区华工园一路5号,852,石化机械,1998/11/26,"777,604,997","777,604,997",华中,湖北,武汉市,C 制造业
主板,唐山冀东装备工程股份有限公司,河北省唐山市曹妃甸装备制造产业园区,856,冀东装备,1998/8/13,"227,000,000","227,000,000",华北,河北,唐山市,C 制造业
主板,宜宾五粮液股份有限公司,四川省宜宾市翠屏区岷江西路150号,858,五 粮 液,1998/4/27,"3,881,608,005","3,795,786,270",西南,四川,宜宾市,C 制造业
主板,安徽国风塑业股份有限公司,安徽省合肥市高新区铭传路1000号,859,国风塑业,1998/11/19,"739,449,730","739,312,480",华东,安徽,合肥市,C 制造业
主板,北京顺鑫农业股份有限公司,北京市顺义区站前街1号院1号楼顺鑫国际商务中心12层,860,顺鑫农业,1998/11/4,"741,766,989","741,766,989",华北,北京,北京市,C 制造业
主板,广东海印集团股份有限公司,广东省广州市越秀区东华南路98号21-32层,861,海印股份,1998/10/28,"2,325,501,918","2,167,749,455",华南,广东,广州市,L 商务服务
主板,宁夏银星能源股份有限公司,宁夏回族自治区银川市西夏区六盘山西路166号,862,银星能源,1998/9/15,"706,118,997","501,352,890",西北,宁夏,银川市,D 水电煤气
主板,三湘印象股份有限公司,上海市杨浦区逸仙路333号501室,863,三湘印象,1997/9/25,"1,225,208,160","1,185,507,916",华东,上海,上海市,K 房地产
主板,安徽安凯汽车股份有限公司,安徽省合肥市葛淝路1号,868,ST安凯,1997/7/25,"733,329,168","695,545,403",华东,安徽,合肥市,C 制造业
主板,烟台张裕葡萄酿酒股份有限公司,山东省烟台市大马路56号,869,张  裕Ａ,2000/10/26,"453,460,800","453,460,800",华东,山东,烟台市,C 制造业
主板,吉林电力股份有限公司,吉林省长春市人民大街9699号,875,吉电股份,2002/9/26,"2,146,313,980","2,146,308,355",东北,吉林,长春市,D 水电煤气
主板,新希望六和股份有限公司,四川省绵阳国家高新技术产业开发区,876,新 希 望,1998/3/11,"4,505,777,331","4,324,650,704",西南,四川,绵阳市,C 制造业
主板,新疆天山水泥股份有限公司,新疆维吾尔自治区乌鲁木齐市达坂城区白杨沟村,877,天山股份,1999/1/7,"1,048,722,959","880,094,665",西北,新疆,乌鲁木齐市,C 制造业
主板,云南铜业股份有限公司,云南省昆明市国家高新技术产业开发区,878,云南铜业,1998/6/2,"1,699,678,560","1,641,882,205",西南,云南,昆明市,C 制造业
主板,潍柴重机股份有限公司,山东省潍坊滨海经济技术开发区富海大街17号,880,潍柴重机,1998/4/2,"276,100,500","135,133,725",华东,山东,潍坊市,C 制造业
主板,中广核核技术发展股份有限公司,辽宁省大连市西岗区黄河路219号外经贸大厦,881,中广核技,1998/9/2,"945,425,815","691,733,536",东北,辽宁,大连市,C 制造业
主板,北京华联商厦股份有限公司,北京市通州区永乐经济技术开发区永开路1号,882,华联股份,1998/6/16,"2,737,351,947","2,737,348,016",华北,北京,北京市,L 商务服务
主板,湖北能源集团股份有限公司,湖北省武汉市徐东大街96号,883,湖北能源,1998/5/19,"6,507,449,486","6,504,876,386",华中,湖北,武汉市,D 水电煤气
主板,城发环境股份有限公司,河南省郑州市农业路41号投资大厦9层,885,城发环境,1999/3/19,"642,078,255","642,078,255",华中,河南,郑州市,G 运输仓储
主板,海南高速公路股份有限公司,海南省海口市蓝天路16号高速公路大楼,886,海南高速,1998/1/23,"988,828,300","971,960,198",华南,海南,海口市,K 房地产
主板,安徽中鼎密封件股份有限公司,安徽省宣城市宁国市宁国经济技术开发区中鼎工业园,887,中鼎股份,1998/12/3,"1,220,837,303","1,218,109,880",华东,安徽,宣城市,C 制造业
主板,峨眉山旅游股份有限公司,四川省乐山市峨眉山市名山南路639号,888,峨眉山Ａ,1997/10/21,"526,913,102","526,913,102",西南,四川,乐山市,N 公共环保
主板,中嘉博创信息技术股份有限公司,河北省秦皇岛市海港区河北大街中段146号26层,889,中嘉博创,1997/12/18,"936,291,116","869,849,676",华北,河北,秦皇岛市,I 信息技术
主板,江苏法尔胜股份有限公司,江苏省江阴市澄江中路165号,890,*ST胜尔,1999/1/19,"419,503,968","379,628,678",华东,江苏,无锡市,C 制造业
主板,欢瑞世纪联合股份有限公司,重庆市涪陵区人民东路50号,892,欢瑞世纪,1999/1/15,"980,980,473","537,446,766",西南,重庆,重庆市,R 文化传播
主板,亚钾国际投资（广州）股份有限公司,广东省广州市南沙区万顷沙镇红安路3号,893,亚钾国际,1998/12/24,"756,903,272","403,342,500",华南,广东,广州市,C 制造业
主板,河南双汇投资发展股份有限公司,河南省漯河市双汇路1号双汇大厦,895,双汇发展,1998/12/10,"3,464,661,213","1,343,671,493",华中,河南,漯河市,C 制造业
主板,天津津滨发展股份有限公司,天津市开发区明园路2号B2别墅5号,897,津滨发展,1999/4/22,"1,617,272,234","1,617,244,634",华北,天津,天津市,K 房地产
主板,鞍钢股份有限公司,辽宁省鞍山市铁西区鞍钢厂区,898,鞍钢股份,1997/12/25,"7,993,710,201","7,993,702,742",东北,辽宁,鞍山市,C 制造业
主板,江西赣能股份有限公司,江西省南昌市高新技术开发区火炬大街199号,899,赣能股份,1997/11/26,"975,677,760","975,674,006",华东,江西,南昌市,D 水电煤气
主板,现代投资股份有限公司,湖南省长沙市天心区芙蓉南路二段128号现代广场,900,现代投资,1999/1/28,"1,517,828,334","1,517,374,185",华中,湖南,长沙市,G 运输仓储
主板,航天科技控股集团股份有限公司,黑龙江省哈尔滨市平房区哈平西路45号,901,航天科技,1999/4/1,"798,201,406","762,848,553",东北,黑龙江,哈尔滨市,C 制造业
主板,新洋丰农业科技股份有限公司,湖北省荆门市月亮湖北路附7号,902,新洋丰,1999/4/8,"1,304,529,290","1,186,309,098",华中,湖北,荆门市,C 制造业
主板,昆明云内动力股份有限公司,云南省昆明市经济技术开发区经景路66号,903,云内动力,1999/4/15,"1,970,800,857","1,970,800,857",西南,云南,昆明市,C 制造业
主板,厦门港务发展股份有限公司,福建省厦门市东港北路31号港务大厦20楼、21楼,905,厦门港务,1999/4/29,"625,191,522","530,998,500",华东,福建,厦门市,G 运输仓储
主板,浙商中拓集团股份有限公司,浙江省杭州市萧山经济技术开发区启迪路198号A-B102-1184室,906,浙商中拓,1999/7/7,"674,436,311","661,507,603",华东,浙江,杭州市,F 批发零售
主板,湖南景峰医药股份有限公司,湖南省平江县天岳开发区天岳大道48号,908,景峰医药,1999/2/3,"879,774,351","723,264,977",华中,湖南,岳阳市,C 制造业
主板,数源科技股份有限公司,浙江省杭州西湖区教工路一号,909,数源科技,1999/5/7,"453,828,600","312,352,464",华东,浙江,杭州市,K 房地产
主板,大亚圣象家居股份有限公司,江苏省丹阳市经济开发区齐梁路99号,910,大亚圣象,1999/6/30,"547,397,500","547,152,500",华东,江苏,镇江市,C 制造业
主板,南宁糖业股份有限公司,广西壮族自治区南宁市青秀区古城路10号,911,南宁糖业,1999/5/27,"324,080,937","324,080,937",华南,广西,南宁市,C 制造业
主板,四川泸天化股份有限公司,四川省泸州市纳溪区李子林路38号,912,泸天化,1999/6/3,"1,568,000,000","1,568,000,000",西南,四川,成都市,C 制造业
主板,浙江钱江摩托股份有限公司,浙江省温岭市经济开发区,913,钱江摩托,1999/5/14,"453,536,000","453,536,000",华东,浙江,台州市,C 制造业
主板,山东山大华特科技股份有限公司,山东省沂南县县城振兴路6号,915,山大华特,1999/6/9,"234,331,485","234,161,315",华东,山东,临沂市,C 制造业
主板,湖南电广传媒股份有限公司,湖南省长沙市浏阳河大桥东,917,电广传媒,1999/3/25,"1,417,556,338","1,295,123,230",华中,湖南,长沙市,I 信息技术
主板,嘉凯城集团股份有限公司,浙江省杭州市惠民路56号1号楼318室,918,嘉凯城,1999/7/20,"1,804,191,500","1,804,191,500",华东,浙江,杭州市,K 房地产
主板,金陵药业股份有限公司,江苏省南京市南京经济技术开发区新港大道58号,919,金陵药业,1999/11/18,"504,000,000","503,235,199",华东,江苏,南京市,C 制造业
主板,南方汇通股份有限公司,贵州省贵阳市国家高新技术产业开发区,920,南方汇通,1999/6/16,"422,000,000","421,821,575",西南,贵州,贵阳市,C 制造业
主板,海信家电集团股份有限公司,广东省佛山市顺德区容桂街道容港路8号,921,海信家电,1999/7/13,"903,135,562","902,118,590",华南,广东,佛山市,C 制造业
主板,哈尔滨电气集团佳木斯电机股份有限公司,黑龙江省佳木斯市长安东路247号,922,佳电股份,1999/6/18,"598,396,053","582,363,503",东北,黑龙江,佳木斯市,C 制造业
主板,河钢资源股份有限公司,河北省张家口市宣化区东升路21号,923,河钢资源,1999/7/14,"652,728,961","627,893,854",华北,河北,张家口市,B 采矿业
主板,浙江众合科技股份有限公司,浙江省杭州市滨江区江汉路1785号双城国际4号楼17层,925,众合科技,1999/6/11,"543,664,381","524,934,145",华东,浙江,杭州市,C 制造业
主板,湖北福星科技股份有限公司,湖北省汉川市沉湖镇福星街1号,926,福星股份,1999/6/18,"962,462,474","946,855,832",华中,湖北,汉川市,K 房地产
主板,天津一汽夏利汽车股份有限公司,天津市西青区京福公路578号一区,927,*ST夏利,1999/7/27,"5,571,801,435","1,595,170,960",华北,天津,天津市,C 制造业
主板,中钢国际工程技术股份有限公司,吉林省吉林市昌邑区江湾路2号,928,中钢国际,1999/3/12,"1,256,662,942","1,256,631,742",东北,吉林,吉林市,E 建筑业
主板,兰州黄河企业股份有限公司,甘肃省兰州市七里河区郑家庄108号,929,兰州黄河,1999/6/23,"185,766,000","185,754,223",西北,甘肃,兰州市,C 制造业
主板,中粮生物科技股份有限公司,安徽省蚌埠市中粮大道1号,930,中粮科技,1999/7/12,"1,865,763,788","964,397,222",华东,安徽,蚌埠市,C 制造业
主板,北京中关村科技发展(控股)股份有限公司,北京市海淀区中关村南大街32号,931,中 关 村,1999/7/12,"753,126,982","746,191,907",华北,北京,北京市,C 制造业
主板,湖南华菱钢铁股份有限公司,湖南省长沙市天心区湘府西路222号华菱园主楼,932,华菱钢铁,1999/8/3,"6,129,077,211","4,221,730,354",华中,湖南,长沙市,C 制造业
主板,河南神火煤电股份有限公司,河南省永城市东城区光明路,933,神火股份,1999/8/31,"1,900,500,000","1,900,498,500",华中,河南,商丘市,C 制造业
主板,四川双马水泥股份有限公司,四川省江油市二朗庙镇,935,四川双马,1999/8/24,"763,440,333","763,436,593",西南,四川,绵阳市,C 制造业
主板,江苏华西村股份有限公司,江苏省江阴市华西村,936,华西股份,1999/8/10,"886,012,887","885,378,740",华东,江苏,无锡市,C 制造业
主板,冀中能源股份有限公司,河北省邢台市中兴西大街191号,937,冀中能源,1999/9/9,"3,533,546,850","2,906,599,842",华北,河北,邢台市,B 采矿业
主板,紫光股份有限公司,北京市清华大学紫光大楼,938,紫光股份,1999/11/4,"2,860,079,874","2,860,079,874",华北,北京,北京市,C 制造业
主板,云南南天电子信息产业股份有限公司,云南省昆明市高新技术产业开发区产业研发基地,948,南天信息,1999/10/14,"381,165,677","320,525,339",西南,云南,昆明市,I 信息技术
主板,新乡化纤股份有限公司,河南省新乡经济技术开发区新长路南侧,949,新乡化纤,1999/10/21,"1,257,656,049","1,257,187,175",华中,河南,新乡市,C 制造业
主板,重药控股股份有限公司,重庆市渝北区金石大道333号,950,重药控股,1999/9/16,"1,728,184,696","1,728,124,396",西南,重庆,重庆市,F 批发零售
主板,中国重汽集团济南卡车股份有限公司,山东省济南市市中区党家庄镇南首,951,中国重汽,1999/11/25,"671,080,800","671,014,020",华东,山东,济南市,C 制造业
主板,湖北广济药业股份有限公司,湖北省武穴市江堤路1号,952,广济药业,1999/11/12,"346,995,039","301,432,465",华中,湖北,黄冈市,C 制造业
主板,广西河池化工股份有限公司,广西壮族自治区河池市六甲镇,953,*ST河化,1999/12/2,"366,122,195","294,059,437",华南,广西,河池市,C 制造业
主板,欣龙控股（集团）股份有限公司,海南省澄迈县老城工业开发区,955,欣龙控股,1999/12/9,"538,395,000","537,598,350",华南,海南,澄迈县,C 制造业
主板,中通客车控股股份有限公司,山东省聊城市经济开发区黄河路261号,957,中通客车,2000/1/13,"592,903,936","592,888,960",华东,山东,聊城市,C 制造业
主板,国家电投集团东方新能源股份有限公司,河北省石家庄市建华南大街161号,958,东方能源,1999/12/23,"5,383,418,520","1,099,079,201",华北,河北,石家庄市,J 金融业
主板,北京首钢股份有限公司,北京市石景山区石景山路,959,首钢股份,1999/12/16,"5,289,389,600","5,057,103,246",华北,北京,北京市,C 制造业
主板,云南锡业股份有限公司,云南省昆明市高新技术产业开发区,960,锡业股份,2000/2/21,"1,668,776,379","1,668,776,379",西南,云南,昆明市,C 制造业
主板,江苏中南建设集团股份有限公司,江苏省南通海门市常乐镇,961,中南建设,2000/3/1,"3,820,755,890","3,805,593,832",华东,江苏,南通市,K 房地产
主板,宁夏东方钽业股份有限公司,宁夏回族自治区石嘴山市大武口区冶金路,962,东方钽业,2000/1/20,"440,832,644","440,831,060",西北,宁夏,石嘴山市,C 制造业
主板,华东医药股份有限公司,浙江省杭州市延安路468号1号楼1号门7、9、10楼,963,华东医药,2000/1/27,"1,749,809,548","1,749,761,803",华东,浙江,杭州市,F 批发零售
主板,天津天保基建股份有限公司,天津市天津空港经济区西五道35号汇津广场一号楼,965,天保基建,2000/4/6,"1,109,830,895","1,109,830,895",华北,天津,天津市,K 房地产
主板,国电长源电力股份有限公司,湖北省武汉市洪山区徐东大街63号国家能源大厦,966,长源电力,2000/3/16,"1,108,284,080","1,108,284,080",华中,湖北,武汉市,D 水电煤气
主板,盈峰环境科技集团股份有限公司,浙江省绍兴市上虞区东关街道人民西路1818号,967,盈峰环境,2000/3/30,"3,163,062,146","2,004,705,502",华东,浙江,绍兴市,N 公共环保
主板,山西蓝焰控股股份有限公司,山西省太原市和平南路83号,968,蓝焰控股,2000/6/22,"967,502,660","967,502,660",华北,山西,太原市,B 采矿业
主板,安泰科技股份有限公司,北京市海淀区学院南路76号,969,安泰科技,2000/5/29,"1,026,008,097","1,000,831,205",华北,北京,北京市,C 制造业
主板,北京中科三环高技术股份有限公司,北京市海淀区中关村东路66号甲1号楼27层,970,中科三环,2000/4/20,"1,065,200,000","1,063,591,194",华北,北京,北京市,C 制造业
主板,高升控股股份有限公司,湖北省仙桃市勉阳大道131号,971,*ST高升,2000/4/27,"1,055,307,925","805,470,004",华中,湖北,仙桃市,I 信息技术
主板,中基健康产业股份有限公司,新疆维吾尔自治区五家渠25区青湖南路2666号5幢院落室宾馆A院,972,ST中基,2000/9/26,"771,283,579","771,247,504",西北,新疆,乌鲁木齐市,C 制造业
主板,佛山佛塑科技集团股份有限公司,广东省佛山市禅城区汾江中路85号,973,佛塑科技,2000/5/25,"967,423,171","967,399,968",华南,广东,佛山市,C 制造业
主板,银泰黄金股份有限公司,内蒙古自治区锡林郭勒盟西乌珠穆沁旗巴拉嘎尔高勒镇哈拉图街,975,银泰黄金,2000/6/8,"2,776,722,265","1,731,406,235",华北,内蒙古,锡林郭勒盟,B 采矿业
主板,广东华铁通达高铁装备股份有限公司,广东省开平市三埠街道办事处祥龙中银路2号三楼A138号330室,976,华铁股份,2000/6/1,"1,595,678,796","1,594,602,816",华南,广东,江门市,C 制造业
主板,浪潮电子信息产业股份有限公司,山东省济南市浪潮路1036号,977,浪潮信息,2000/6/8,"1,453,721,310","1,452,808,551",华东,山东,济南市,C 制造业
主板,桂林旅游股份有限公司,广西壮族自治区桂林市翠竹路27-2号,978,桂林旅游,2000/5/18,"360,100,000","360,053,425",华南,广西,桂林市,N 公共环保
主板,众泰汽车股份有限公司,浙江省金华市永康市经济开发区北湖路1号,980,*ST众泰,2000/6/16,"2,027,671,288","1,240,526,664",华东,浙江,金华市,C 制造业
主板,银亿股份有限公司,中国甘肃省兰州市高新技术开发区张苏滩573号八楼,981,*ST银亿,2000/6/22,"4,027,989,882","2,574,315,600",西北,甘肃,兰州市,C 制造业
主板,宁夏中银绒业股份有限公司,宁夏回族自治区灵武生态纺织园区(灵武市南二环北侧经二路东侧),982,*ST 中绒,2000/7/6,"4,261,877,053","4,261,868,428",西北,宁夏,银川市,C 制造业
主板,山西焦煤能源集团股份有限公司,山西省太原市西矿街318号西山大厦,983,山西焦煤,2000/7/26,"4,096,560,000","4,096,531,458",华北,山西,太原市,B 采矿业
主板,大庆华科股份有限公司,黑龙江省大庆高新技术产业开发区建设路293号,985,大庆华科,2000/7/26,"129,639,500","129,639,500",东北,黑龙江,大庆市,C 制造业
主板,广州越秀金融控股集团股份有限公司,广东省广州市天河区珠江西路5号广州国际金融中心主塔写字楼第63层01-B单元,987,越秀金控,2000/7/18,"2,752,884,754","2,667,210,610",华南,广东,广州市,J 金融业
主板,华工科技产业股份有限公司,湖北省武汉市东湖高新技术开发区华中科技大学科技园华工科技本部大楼,988,华工科技,2000/6/8,"1,005,502,707","1,005,075,732",华中,湖北,武汉市,C 制造业
主板,九芝堂股份有限公司,湖南省长沙市桐梓坡西路339号,989,九 芝 堂,2000/6/28,"869,354,236","589,542,851",华中,湖南,长沙市,C 制造业
主板,诚志股份有限公司,江西省南昌市经济开发区玉屏东大道299号,990,诚志股份,2000/7/6,"1,253,011,919","834,025,091",华东,江西,南昌市,C 制造业
主板,福建闽东电力股份有限公司,福建省宁德市蕉城区蕉城南路68号东晟泰丽园1号楼3层,993,闽东电力,2000/7/31,"457,951,455","373,000,000",华东,福建,宁德市,D 水电煤气
主板,甘肃皇台酒业股份有限公司,甘肃省武威市新建路55号,995,皇台酒业,2000/8/7,"177,408,000","177,408,000",西北,甘肃,武威市,C 制造业
主板,中国中期投资股份有限公司,北京市朝阳区建国门外光华路14号1幢1层8号,996,中国中期,2000/7/18,"345,000,000","345,000,000",华北,北京,北京市,F 批发零售
主板,新大陆数字技术股份有限公司,福建省福州市马尾区儒江西路1号,997,新 大 陆,2000/8/7,"1,050,441,717","1,016,025,066",华东,福建,福州市,I 信息技术
主板,袁隆平农业高科技股份有限公司,湖南省长沙市芙蓉区合平路638号,998,隆平高科,2000/12/11,"1,316,970,298","962,380,663",华中,湖南,长沙市,A 农林牧渔
主板,华润三九医药股份有限公司,广东省深圳市龙华区观湖街道观澜高新园区观清路1号,999,华润三九,2000/3/9,"978,900,000","978,395,308",华南,广东,深圳市,C 制造业
主板,重庆宗申动力机械股份有限公司,重庆市巴南区炒油场,1696,宗申动力,1997/3/6,"1,145,026,920","879,168,449",西南,重庆,重庆市,C 制造业
主板,招商局港口集团股份有限公司,广东省深圳市南山区招商街道工业三路一号招商局港口大厦23-25楼,1872,招商港口,1993/5/5,"1,742,469,694","593,820,070",华南,广东,深圳市,G 运输仓储
主板,河南豫能控股股份有限公司,河南省郑州市金水区农业路东41号B座8-12层,1896,豫能控股,1998/1/22,"1,150,587,847","1,150,587,847",华中,河南,郑州市,D 水电煤气
主板,招商局积余产业运营服务股份有限公司,广东省深圳市福田区振华路163号飞亚达大厦六楼,1914,招商积余,1994/9/28,"1,060,346,060","666,863,166",华南,广东,深圳市,K 房地产
主板,招商局公路网络科技控股股份有限公司,天津自贸试验区市(东疆保税港区)鄂尔多斯路599号东疆商务中心A3楼910,1965,招商公路,2017/12/25,"6,178,228,432","1,932,801,802",华北,天津,天津市,G 运输仓储
主板,招商局蛇口工业区控股股份有限公司,广东省深圳南山区蛇口兴华路6号南海意库3号楼,1979,招商蛇口,2015/12/30,"7,923,242,592","7,921,664,929",华南,广东,深圳市,K 房地产
